type_of_crit_point,x,y,z,rol,roe,log_rolroe,rl,re,sumrlre,rlre,rocntl,rocnte,log_rocntl_rocnte_nl_ne,roinl,roine,nl,ne,cf1,cf2,cf3,cf4,rol_l,roe_e,numbl,numbe,xl,yl,zl,xe,ye,ze,number_of_lig_atom,name_of_lig_atom,name_of_lig,lig_chain,number_of_res_atom,name_of_res_atom,name_of_res,res_chain,number_of_res
"(3,-1)",6.24,7.25,9.38,0.0182602,0.0201359,-7.9082820,1.2252175,1.6887001,2.9139176,2.0690249,3.3016474,17.9071231,2.1337100,0.0000000,0.0000000,1,7,-5.7745721,-5.4380998,-7.0475378,-7.0475378,0.0019584,0.0107847,50,146,6.6260000,6.0910000,9.2570000,5.2550000,8.6090000,9.2120000,50,H4,LIG,A,146,NH2,ARG,A,8
"(3,-1)",8.03,7.87,8.50,0.0080067,0.0080123,-9.6542463,1.4393114,1.8811920,3.3205034,2.7076211,3.3010120,17.9068067,2.1334998,0.0000000,0.0000000,1,7,-7.5207465,-7.1842742,-8.7937121,-8.7937121,0.0015133,0.0040579,51,143,8.5900000,6.6730000,7.9350000,7.4620000,9.2950000,9.5920000,51,H5,LIG,A,143,NH1,ARG,A,8
"(3,+1)",4.59,6.83,10.00,0.0070831,0.0081701,-9.7573148,1.4413397,1.5487680,2.9901077,2.2323009,3.2936327,3.3404539,2.3980978,0.0000000,0.0000000,1,1,-7.3592170,-7.3592170,-7.3592170,-7.3592170,0.0006461,0.0041142,53,147,4.8950000,5.4430000,10.2530000,4.3420000,8.3060000,9.6060000,53,H7,LIG,A,147,1HH2,ARG,A,8
"(3,-1)",7.11,-0.27,17.32,0.0495409,0.0501730,-5.9972353,1.2722956,1.2763539,2.5486495,1.6238995,31.7008329,31.7014320,2.7538217,0.0000000,0.0000000,8,8,-3.2434136,-2.6680494,-6.2515684,-6.2515684,0.0013079,0.0029275,42,418,6.3240000,-1.2340000,17.0450000,7.9090000,0.6880000,17.5820000,42,O4,LIG,A,418,OD2,ASP,A,25
"(3,-1)",7.54,0.39,16.12,0.0169012,0.0127972,-8.4389024,1.3170790,1.5369596,2.8540386,2.0242972,3.2948211,31.7014320,2.5692722,0.0000000,0.0000000,1,8,-5.8696302,-5.5819481,-7.3737076,-7.3737076,0.0059185,0.0002824,59,418,7.4140000,-0.0590000,14.8870000,7.9090000,0.6880000,17.5820000,59,H13,LIG,A,418,OD2,ASP,A,25
"(3,-1)",5.52,1.00,18.04,0.0211036,0.0198350,-7.7786174,1.2343216,1.4756182,2.7099398,1.8213874,3.4172804,31.6987040,2.6056793,0.0000000,0.0000000,1,8,-5.1729381,-4.8852560,-6.6770155,-6.6770155,0.0054276,0.0027262,87,417,4.5620000,0.8060000,17.2850000,6.5020000,1.1780000,19.1260000,87,H41,LIG,A,417,OD1,ASP,A,25
"(3,+1)",6.36,0.62,17.13,0.0143251,0.0121083,-8.6596012,1.6072432,1.6149865,3.2222297,2.5956761,31.7193022,31.7014320,2.7544042,0.0000000,0.0000000,8,8,-5.9051971,-5.3298329,-8.9133519,-8.9133519,0.0055788,0.0037005,40,418,4.9490000,0.9340000,16.4270000,7.9090000,0.6880000,17.5820000,40,O2,LIG,A,418,OD2,ASP,A,25
"(3,-1)",5.47,-3.44,18.70,0.0219912,0.0190301,-7.7788440,1.1732850,1.4705563,2.6438413,1.7253816,3.2945949,31.7048459,2.5693112,0.0000000,0.0000000,1,8,-5.2095328,-4.9218507,-6.7136102,-6.7136102,0.0016112,0.0014741,61,439,5.5960000,-3.7620000,17.5820000,5.2890000,-3.0780000,20.1170000,61,H15,LIG,A,439,O,GLY,A,27
"(3,-1)",6.52,-3.57,18.56,0.0106559,0.0115185,-9.0054465,1.3589047,1.3668252,2.7257299,1.8573852,3.2945949,3.3002626,2.3862853,0.0000000,0.0000000,1,1,-6.6191613,-6.6191613,-6.6191613,-6.6191613,0.0014808,0.0026506,61,443,5.5960000,-3.7620000,17.5820000,7.5190000,-3.3930000,19.4750000,61,H15,LIG,A,443,HA,ALA,A,28
"(3,+1)",6.84,-3.96,18.36,0.0105961,0.0093296,-9.2218347,1.4811343,1.4192162,2.9003504,2.1020497,3.2945949,3.3002626,2.3862853,0.0000000,0.0000000,1,1,-6.8355495,-6.8355495,-6.8355495,-6.8355495,0.0051713,0.0022502,61,443,5.5960000,-3.7620000,17.5820000,7.5190000,-3.3930000,19.4750000,61,H15,LIG,A,443,HA,ALA,A,28
"(3,+1)",7.68,-0.98,17.81,0.0104663,0.0191314,-8.5160209,1.5755710,1.3015473,2.8771183,2.0506802,31.7008329,3.2988740,2.5704826,0.0000000,0.0000000,8,1,-5.9455383,-5.6578562,-7.4496157,-7.4496157,0.0001875,0.0073903,42,447,6.3240000,-1.2340000,17.0450000,8.6900000,-1.4790000,18.4610000,42,O4,LIG,A,447,HB1,ALA,A,28
"(3,-1)",9.23,-2.18,17.52,0.0189407,0.0212010,-7.8201521,1.2088408,1.2892104,2.4980511,1.5584501,3.2933711,3.2988740,2.3854929,0.0000000,0.0000000,1,1,-5.4346592,-5.4346592,-5.4346592,-5.4346592,0.0014497,0.0088202,67,447,9.5510000,-2.6160000,16.4420000,8.6900000,-1.4790000,18.4610000,67,H21,LIG,A,447,HB1,ALA,A,28
"(3,-1)",9.80,-3.61,18.46,0.0342793,0.0346211,-6.7365051,1.0699863,1.0793338,2.1493201,1.1548724,3.2940156,3.2987536,2.3856521,0.0000000,0.0000000,1,1,-4.3508530,-4.3508530,-4.3508530,-4.3508530,0.0025041,0.0040977,74,449,9.8180000,-4.5100000,17.8880000,9.8360000,-2.7060000,19.0550000,74,H28,LIG,A,449,HB3,ALA,A,28
"(3,-1)",7.62,-1.34,17.84,0.0138540,0.0177879,-8.3084222,1.5207029,1.2485137,2.7692166,1.8986185,31.7008329,3.2988740,2.5704826,0.0000000,0.0000000,8,1,-5.7379395,-5.4502575,-7.2420169,-7.2420169,0.0002580,0.0030398,42,447,6.3240000,-1.2340000,17.0450000,8.6900000,-1.4790000,18.4610000,42,O4,LIG,A,447,HB1,ALA,A,28
"(3,-1)",10.20,-4.72,19.16,0.0114110,0.0120639,-8.8907170,1.3447444,1.3272006,2.6719450,1.7847456,3.2940156,3.3393462,2.3978824,0.0000000,0.0000000,1,1,-6.4928346,-6.4928346,-6.4928346,-6.4928346,0.0016600,0.0015489,74,463,9.8180000,-4.5100000,17.8880000,10.5650000,-4.9220000,20.4200000,74,H28,LIG,A,463,H,ASP,A,30
"(3,-1)",11.43,-5.65,18.02,0.0117081,0.0106534,-8.9893558,1.4825928,1.3422389,2.8248317,1.9899937,3.2933900,3.2998455,2.3857931,0.0000000,0.0000000,1,1,-6.6035627,-6.6035627,-6.6035627,-6.6035627,0.0063172,0.0007967,72,469,10.9250000,-5.2490000,16.6820000,12.2830000,-6.0310000,18.9790000,72,H26,LIG,A,469,HB1,ASP,A,30
"(3,+1)",11.48,-4.36,15.74,0.0166716,0.0103358,-8.6661949,1.4104033,1.4093064,2.8197097,1.9876904,3.2933900,3.2991073,2.3855694,0.0000000,0.0000000,1,1,-6.2806255,-6.2806255,-6.2806255,-6.2806255,0.0093188,0.0029483,72,503,10.9250000,-5.2490000,16.6820000,12.7210000,-4.2970000,15.0690000,72,H26,LIG,A,503,3HG2,VAL,A,32
"(3,-1)",11.65,-3.80,15.17,0.0235145,0.0237793,-7.4890805,1.1624903,1.1814436,2.3439339,1.3734167,3.2937217,3.2991073,2.3856701,0.0000000,0.0000000,1,1,-5.1034104,-5.1034104,-5.1034104,-5.1034104,0.0021663,0.0041017,66,503,10.5850000,-3.3420000,15.1650000,12.7210000,-4.2970000,15.0690000,66,H20,LIG,A,503,3HG2,VAL,A,32
"(3,+1)",11.45,-5.01,14.80,0.0073519,0.0079791,-9.7437262,1.5241107,1.4802887,3.0043994,2.2561239,3.2936709,3.2991073,2.3856546,0.0000000,0.0000000,1,1,-7.3580715,-7.3580715,-7.3580715,-7.3580715,0.0028424,0.0025346,69,503,10.1340000,-5.6000000,14.3130000,12.7210000,-4.2970000,15.0690000,69,H23,LIG,A,503,3HG2,VAL,A,32
"(3,-1)",11.88,-4.72,16.06,0.0161437,0.0172649,-8.1853067,1.2574002,1.3656851,2.6230853,1.7172127,3.2933900,3.2991073,2.3855694,0.0000000,0.0000000,1,1,-5.7997373,-5.7997373,-5.7997373,-5.7997373,0.0019485,0.0083534,72,503,10.9250000,-5.2490000,16.6820000,12.7210000,-4.2970000,15.0690000,72,H26,LIG,A,503,3HG2,VAL,A,32
"(3,+1)",10.22,-7.17,14.58,0.0106985,0.0118863,-8.9700147,1.9612510,1.3922772,3.3535282,2.7306051,10.1079405,3.3020178,1.7160956,0.0000000,0.0000000,6,1,-7.2539191,-6.8484540,-8.2347484,-8.2347484,0.0065888,0.0039376,24,751,9.0970000,-5.5670000,14.6780000,10.6030000,-8.5060000,14.6680000,24,C24,LIG,A,751,HB,ILE,A,47
"(3,-1)",9.80,-7.47,14.77,0.0127785,0.0122528,-8.7619929,1.3687895,1.3168256,2.6856152,1.8024571,3.2935924,3.3020178,2.3865126,0.0000000,0.0000000,1,1,-6.3754803,-6.3754803,-6.3754803,-6.3754803,0.0039852,0.0012581,71,751,8.7780000,-6.5790000,14.9670000,10.6030000,-8.5060000,14.6680000,71,H25,LIG,A,751,HB,ILE,A,47
"(3,-1)",10.92,-6.10,14.19,0.0599083,0.0597321,-5.6328259,0.9405611,0.9375463,1.8781074,0.8818195,3.2936709,3.2994306,2.3857526,0.0000000,0.0000000,1,1,-3.2470733,-3.2470733,-3.2470733,-3.2470733,0.0044770,0.0035777,69,760,10.1340000,-5.6000000,14.3130000,11.7090000,-6.5900000,14.0560000,69,H23,LIG,A,760,1HD1,ILE,A,47
"(3,-1)",7.74,-7.33,14.67,0.0126909,0.0114210,-8.8391692,1.3147889,1.6039636,2.9187525,2.1088736,3.2935924,31.7038497,2.5689755,0.0000000,0.0000000,1,8,-6.2701937,-5.9825117,-7.7742711,-7.7742711,0.0015995,0.0025273,71,769,8.7780000,-6.5790000,14.9670000,6.4600000,-8.2830000,14.5120000,71,H25,LIG,A,769,O,GLY,A,48
"(3,-1)",6.38,-4.80,13.50,0.0072355,0.0082450,-9.7269075,1.6810062,1.4394065,3.1204127,2.4196512,31.7016372,3.2996776,2.5707516,0.0000000,0.0000000,8,1,-7.1561559,-6.8684739,-8.6602333,-8.6602333,0.0012303,0.0017542,43,774,6.7460000,-3.5740000,14.5880000,6.0830000,-5.7500000,12.4590000,43,O5,LIG,A,774,HA2,GLY,A,49
"(3,-1)",5.00,-6.21,14.73,0.0207928,0.0192759,-7.8220486,1.2309813,1.2068534,2.4378347,1.4856139,3.2942459,3.2996085,2.3859811,0.0000000,0.0000000,1,1,-5.4360675,-5.4360675,-5.4360675,-5.4360675,0.0048901,0.0016348,62,773,4.9910000,-5.8710000,15.9100000,5.1050000,-6.6790000,13.6190000,62,H16,LIG,A,773,HA1,GLY,A,49
"(3,-1)",7.27,-5.52,13.19,0.0089870,0.0096110,-9.3568249,1.3948341,1.4158882,2.8107223,1.9749292,3.2933618,3.2996776,2.3857336,0.0000000,0.0000000,1,1,-6.9710913,-6.9710913,-6.9710913,-6.9710913,0.0011252,0.0024296,70,774,8.4390000,-5.1890000,13.8810000,6.0830000,-5.7500000,12.4590000,70,H24,LIG,A,774,HA2,GLY,A,49
"(3,-1)",2.39,-1.01,9.73,0.0142905,0.0146352,-8.4724861,1.2753890,1.2790538,2.5544428,1.6312911,3.2944901,3.2998352,2.3861239,0.0000000,0.0000000,1,1,-6.0863621,-6.0863621,-6.0863621,-6.0863621,0.0011517,0.0017019,55,791,2.3390000,0.1550000,10.2540000,2.4370000,-2.1600000,9.1790000,55,H9,LIG,A,791,3HG2,ILE,A,50
"(3,-1)",0.74,-1.33,12.20,0.0207306,0.0172432,-7.9364807,1.7806983,1.2527977,3.0334960,2.2308548,10.0152005,3.2990720,0.7251565,0.0000000,0.0000000,16,1,-7.2113243,-6.2304950,-8.0222545,-8.0222545,0.0001136,0.0027643,45,794,0.6680000,0.4350000,11.9930000,0.8430000,-2.5630000,12.4100000,45,S1,LIG,A,794,2HD1,ILE,A,50
"(3,+1)",10.05,2.09,6.34,0.0103957,0.0118124,-9.0049720,1.8148136,1.9472082,3.7620218,3.5338199,10.1120137,10.1102137,1.0437514,0.0000000,0.0000000,6,6,-7.9612206,-7.1502904,-9.9228791,-9.9228791,0.0030396,0.0074667,5,1269,8.4680000,2.6490000,5.6450000,11.0870000,0.7750000,7.3340000,5,C5,LIG,A,1269,CG,PRO,A,81
"(3,-1)",10.42,2.64,5.84,0.0130550,0.0130120,-8.6804717,1.3723917,1.3505056,2.7228973,1.8534227,3.3006463,3.2996043,2.3879208,0.0000000,0.0000000,1,1,-6.2925509,-6.2925509,-6.2925509,-6.2925509,0.0043968,0.0034995,49,1268,9.3360000,2.9190000,5.0550000,11.6960000,2.5360000,6.2850000,49,H3,LIG,A,1268,HB2,PRO,A,81
"(3,-1)",9.58,1.65,6.60,0.0117695,0.0120130,-8.8640069,1.7731588,1.8910108,3.6641696,3.3530625,10.1120137,10.1102137,1.0437514,0.0000000,0.0000000,6,6,-7.8202555,-7.0093253,-9.7819140,-9.7819140,0.0030886,0.0065794,5,1269,8.4680000,2.6490000,5.6450000,11.0870000,0.7750000,7.3340000,5,C5,LIG,A,1269,CG,PRO,A,81
"(3,-1)",9.51,1.18,8.64,0.0340050,0.0340864,-6.7601051,1.0733398,1.0743094,2.1476492,1.1530990,3.3007426,3.2992612,2.3878460,0.0000000,0.0000000,1,1,-4.3722591,-4.3722591,-4.3722591,-4.3722591,0.0026847,0.0028963,81,1270,8.8860000,1.4820000,9.4600000,10.1060000,0.8900000,7.7950000,81,H35,LIG,A,1270,HG1,PRO,A,81
"(3,-1)",9.26,3.43,11.16,0.0226168,0.0211200,-7.6465968,1.6898371,1.2309266,2.9207637,2.0800654,10.1152592,3.2991624,1.7159542,0.0000000,0.0000000,6,1,-5.9306426,-5.5251775,-6.9114718,-6.9114718,0.0105269,0.0052135,30,1286,7.9490000,2.3680000,11.1710000,10.2890000,4.0740000,11.3830000,30,C30,LIG,A,1286,3HG1,VAL,A,82
"(3,-1)",10.16,-1.67,16.61,0.0272740,0.0279398,-7.1795230,1.1404190,1.1269056,2.2673247,1.2851446,3.2933711,3.3001534,2.3858806,0.0000000,0.0000000,1,1,-4.7936423,-4.7936423,-4.7936423,-4.7936423,0.0038008,0.0030623,67,1319,9.5510000,-2.6160000,16.4420000,10.7350000,-0.7330000,16.8700000,67,H21,LIG,A,1319,3HG2,ILE,A,84
"(3,+1)",10.18,-1.55,16.04,0.0182006,0.0259577,-7.6575892,1.3019451,1.2860794,2.5880245,1.6744047,3.2933711,3.3001534,2.3858806,0.0000000,0.0000000,1,1,-5.2717086,-5.2717086,-5.2717086,-5.2717086,0.0064795,0.0134092,67,1319,9.5510000,-2.6160000,16.4420000,10.7350000,-0.7330000,16.8700000,67,H21,LIG,A,1319,3HG2,ILE,A,84
"(3,-1)",10.00,-1.87,15.17,0.0392445,0.0344664,-6.6057142,1.4974137,1.0774933,2.5749070,1.6134532,10.1078269,3.2993549,1.7152776,0.0000000,0.0000000,6,1,-4.8904366,-4.4849715,-5.8712659,-5.8712659,0.0132637,0.0037004,23,1322,9.5560000,-3.2490000,15.5420000,10.3300000,-0.8710000,14.9300000,23,C23,LIG,A,1322,2HD1,ILE,A,84
"(3,-1)",9.41,-0.09,12.88,0.0195429,0.0174681,-7.9825237,1.6374058,1.2370300,2.8744358,2.0255201,10.1154235,3.2988230,1.7158676,0.0000000,0.0000000,6,1,-6.2666561,-5.8611910,-7.2474853,-7.2474853,0.0046510,0.0019735,33,1323,7.8990000,-0.1460000,12.2450000,10.5440000,-0.0480000,13.3660000,33,C33,LIG,A,1323,3HD1,ILE,A,84
"(3,-1)",4.16,1.13,17.78,0.1562796,0.1373377,-3.8414209,0.7158645,1.0821134,1.7979779,0.7746466,3.4172804,31.7063259,2.6059197,0.0000000,0.0000000,1,8,-1.2355012,-0.9478191,-2.7395785,-2.7395785,0.0106279,0.0101701,87,1978,4.5620000,0.8060000,17.2850000,3.5900000,1.6360000,18.5490000,87,H41,LIG,A,1978,OD1,ASP,B,25
"(3,+1)",4.75,2.35,17.48,0.0074359,0.0180585,-8.9155800,1.5695375,1.9069771,3.4765146,2.9930720,3.4172804,10.1119716,1.7508056,0.0000000,0.0000000,1,6,-7.1647744,-6.7593093,-8.1456036,-8.1456036,0.0037264,0.0129590,87,1996,4.5620000,0.8060000,17.2850000,5.5250000,4.0510000,17.0900000,87,H41,LIG,A,1996,CA,GLY,B,27
"(3,-1)",6.29,2.35,15.96,0.0106562,0.0103299,-9.1143245,1.3760130,1.4077654,2.7837784,1.9371034,3.2946932,3.2994664,2.3860738,0.0000000,0.0000000,1,1,-6.7282507,-6.7282507,-6.7282507,-6.7282507,0.0021318,0.0028933,60,1998,6.7450000,1.6070000,14.8950000,6.1460000,3.1560000,17.1040000,60,H14,LIG,A,1998,HA2,GLY,B,27
"(3,-1)",5.50,2.22,16.78,0.0221635,0.0283027,-7.3741062,1.4428500,1.1831721,2.6260220,1.7071398,31.7193022,3.2994664,2.5712446,0.0000000,0.0000000,8,1,-4.8028616,-4.5151795,-6.3069390,-6.3069390,0.0019443,0.0087709,40,1998,4.9490000,0.9340000,16.4270000,6.1460000,3.1560000,17.1040000,40,O2,LIG,A,1998,HA2,GLY,B,27
"(3,+1)",4.81,2.13,15.25,0.0140585,0.0083598,-9.0488505,1.6831158,1.7620255,3.4451413,2.9656929,31.7193022,31.7039705,2.7544842,0.0000000,0.0000000,8,8,-6.2943662,-5.7190021,-9.3025210,-9.3025210,0.0081176,0.0043864,40,2000,4.9490000,0.9340000,16.4270000,4.9270000,3.8300000,14.8140000,40,O2,LIG,A,2000,O,GLY,B,27
"(3,-1)",6.04,3.32,13.82,0.0135568,0.0105557,-8.8519590,1.3111752,1.5755618,2.8867370,2.0658376,3.3009525,31.7039705,2.5712114,0.0000000,0.0000000,1,8,-6.2807475,-5.9930655,-7.7848249,-7.7848249,0.0022918,0.0002764,79,2000,6.9930000,3.0050000,12.9790000,4.9270000,3.8300000,14.8140000,79,H33,LIG,A,2000,O,GLY,B,27
"(3,+1)",5.66,2.40,14.66,0.0173241,0.0097328,-8.6879081,1.3660589,1.6113949,2.9774538,2.2012604,3.2946932,31.7039705,2.5693134,0.0000000,0.0000000,1,8,-6.1185947,-5.8309126,-7.6226721,-7.6226721,0.0084270,0.0011697,60,2000,6.7450000,1.6070000,14.8950000,4.9270000,3.8300000,14.8140000,60,H14,LIG,A,2000,O,GLY,B,27
"(3,-1)",4.65,2.74,14.21,0.0588034,0.0505871,-5.8176145,0.9435834,1.2739869,2.2175703,1.2021129,3.3720709,31.7039705,2.5925274,0.0000000,0.0000000,1,8,-3.2250870,-2.9374050,-4.7291644,-4.7291644,0.0040878,0.0027682,85,2000,4.4480000,1.9490000,13.7420000,4.9270000,3.8300000,14.8140000,85,H39,LIG,A,2000,O,GLY,B,27
"(3,-1)",5.84,2.55,14.83,0.0157121,0.0120302,-8.5736569,1.3043913,1.5762120,2.8806034,2.0559973,3.2946932,31.7039705,2.5693134,0.0000000,0.0000000,1,8,-6.0043434,-5.7166614,-7.5084208,-7.5084208,0.0041137,0.0017850,60,2000,6.7450000,1.6070000,14.8950000,4.9270000,3.8300000,14.8140000,60,H14,LIG,A,2000,O,GLY,B,27
"(3,-1)",2.66,2.94,13.38,0.0241927,0.0232777,-7.4819626,1.1694378,1.1690853,2.3385231,1.3671726,3.2971964,3.3008600,2.3872556,0.0000000,0.0000000,1,1,-5.0947070,-5.0947070,-5.0947070,-5.0947070,0.0034727,0.0025263,75,2004,2.5500000,2.2750000,12.4240000,2.7610000,3.6090000,14.3330000,75,H29,LIG,A,2004,HA,ALA,B,28
"(3,+1)",1.66,2.99,13.48,0.0113049,0.0106326,-9.0263473,1.4530633,1.5241127,2.9771759,2.2146321,3.2944915,3.3008600,2.3864349,0.0000000,0.0000000,1,1,-6.6399124,-6.6399124,-6.6399124,-6.6399124,0.0051843,0.0061231,78,2004,0.5560000,2.7920000,12.5560000,2.7610000,3.6090000,14.3330000,78,H32,LIG,A,2004,HA,ALA,B,28
"(3,+1)",3.27,2.65,13.59,0.0200293,0.0123050,-8.3083129,1.3813611,1.3182329,2.6995940,1.8209557,3.3720709,3.3008600,2.4097101,0.0000000,0.0000000,1,1,-5.8986028,-5.8986028,-5.8986028,-5.8986028,0.0116986,0.0013766,85,2004,4.4480000,1.9490000,13.7420000,2.7610000,3.6090000,14.3330000,85,H39,LIG,A,2004,HA,ALA,B,28
"(3,-1)",0.43,2.79,13.69,0.0326277,0.0310172,-6.8958048,1.1436836,1.1056051,2.2492887,1.2644624,3.2944915,3.2986755,2.3857729,0.0000000,0.0000000,1,1,-4.5100319,-4.5100319,-4.5100319,-4.5100319,0.0094816,0.0037539,78,2010,0.5560000,2.7920000,12.5560000,0.4000000,2.9190000,14.7900000,78,H32,LIG,A,2010,HB3,ALA,B,28
"(3,-1)",2.66,4.84,12.57,0.1049528,0.1243941,-4.3385458,1.1217008,0.7651086,1.8868093,0.8582229,31.7042100,3.3381628,2.5824285,0.0000000,0.0000000,8,1,-1.7561172,-1.4684351,-3.2601946,-3.2601946,0.0010238,0.0065344,41,2012,3.3270000,4.2970000,11.8520000,2.2040000,5.2120000,13.0610000,41,O3,LIG,A,2012,H,ASP,B,29
"(3,-1)",3.98,6.42,10.39,0.0106904,0.0098420,-9.1595075,1.3476492,1.6378664,2.9855156,2.2072694,3.2936327,31.7043216,2.5690026,0.0000000,0.0000000,1,8,-6.5905050,-6.3028229,-8.0945824,-8.0945824,0.0010604,0.0023598,53,2022,4.8950000,5.4430000,10.2530000,2.8610000,7.6190000,10.4120000,53,H7,LIG,A,2022,OD2,ASP,B,29
"(3,+1)",-0.90,3.52,13.12,0.0110154,0.0153835,-8.6829175,1.8970006,1.4298988,3.3268994,2.7125190,10.1017117,3.3391385,1.7266583,0.0000000,0.0000000,6,1,-6.9562593,-6.5507942,-7.9370885,-7.9370885,0.0057096,0.0086219,27,2024,-0.1580000,2.0560000,12.1600000,-0.4660000,4.8630000,12.9030000,27,C27,LIG,A,2024,H,ASP,B,30
"(3,+1)",-1.12,3.71,12.11,0.0086032,0.0125105,-9.1368028,1.9088499,1.5079923,3.4168422,2.8785309,10.1017117,3.2993890,1.7146827,0.0000000,0.0000000,6,1,-7.4221201,-7.0166550,-8.4029493,-8.4029493,0.0035416,0.0076774,27,2030,-0.1580000,2.0560000,12.1600000,-2.3050000,4.1500000,11.3000000,27,C27,LIG,A,2030,HB1,ASP,B,30
"(3,-1)",-0.06,3.81,12.71,0.0258150,0.0246062,-7.3615565,1.1972123,1.1469042,2.3441165,1.3730879,3.2944915,3.3391385,2.3979647,0.0000000,0.0000000,1,1,-4.9635918,-4.9635918,-4.9635918,-4.9635918,0.0074273,0.0017784,78,2024,0.5560000,2.7920000,12.5560000,-0.4660000,4.8630000,12.9030000,78,H32,LIG,A,2024,H,ASP,B,30
"(3,-1)",-1.45,2.63,13.51,0.0423146,0.0360874,-6.4844340,1.0305759,1.3428633,2.3734392,1.3839226,3.2932943,31.7038891,2.5688862,0.0000000,0.0000000,1,8,-3.9155478,-3.6278657,-5.4196252,-5.4196252,0.0046723,0.0024271,76,2028,-1.0100000,1.9640000,12.8500000,-2.0410000,3.4360000,14.3990000,76,H30,LIG,A,2028,O,ASP,B,30
"(3,-1)",-1.42,3.29,11.36,0.0177219,0.0169155,-8.1124805,1.2860469,1.2375239,2.5235708,1.5915137,3.2936254,3.2993890,2.3857262,0.0000000,0.0000000,1,1,-5.7267543,-5.7267543,-5.7267543,-5.7267543,0.0051716,0.0014538,77,2030,-0.5180000,2.3880000,11.1750000,-2.3050000,4.1500000,11.3000000,77,H31,LIG,A,2030,HB1,ASP,B,30
"(3,+1)",-1.33,0.42,12.29,0.0147101,0.0121286,-8.6314129,2.0220214,1.8805360,3.9025575,3.8024842,10.0152005,10.1146154,0.0537372,0.0000000,0.0000000,16,6,-8.5776756,-7.1913813,-10.3694351,-10.3694351,0.0057925,0.0064639,45,2061,0.6680000,0.4350000,11.9930000,-3.0870000,-0.2520000,12.3430000,45,S1,LIG,A,2061,CG2,VAL,B,32
"(3,-1)",-1.83,1.10,12.93,0.0222007,0.0224276,-7.6050903,1.1920586,1.2099759,2.4020344,1.4423621,3.2932943,3.2993322,2.3856085,0.0000000,0.0000000,1,1,-5.2194819,-5.2194819,-5.2194819,-5.2194819,0.0034011,0.0050218,76,2063,-1.0100000,1.9640000,12.8500000,-2.7070000,0.3120000,13.1950000,76,H30,LIG,A,2063,2HG2,VAL,B,32
"(3,-1)",-1.09,-0.16,11.97,0.0167926,0.0141546,-8.3445277,1.8554044,1.3281053,3.1835097,2.4641724,10.0152005,3.2991170,0.7251701,0.0000000,0.0000000,16,1,-7.6193576,-6.6385283,-8.4302878,-8.4302878,0.0008871,0.0036804,45,2064,0.6680000,0.4350000,11.9930000,-2.2630000,-0.7700000,11.8520000,45,S1,LIG,A,2064,3HG2,VAL,B,32
"(3,-1)",-0.51,-0.02,10.54,0.0129906,0.0106462,-8.8860849,1.9275645,1.3453653,3.2729298,2.5932784,10.0152005,3.2989161,0.7251092,0.0000000,0.0000000,16,1,-8.1609757,-7.1801464,-8.9719059,-8.9719059,0.0006108,0.0009211,45,2321,0.6680000,0.4350000,11.9930000,-1.3120000,-0.3710000,9.5150000,45,S1,LIG,A,2321,1HD1,ILE,B,47
"(3,+1)",5.39,0.33,6.96,0.0229445,0.0189647,-7.7398539,1.3788851,1.6981238,3.0770089,2.3415176,3.3009558,10.1424986,1.7191870,0.0000000,0.0000000,1,6,-6.0206669,-5.6152018,-7.0014962,-7.0014962,0.0145247,0.0072665,47,2329,6.3670000,0.2230000,5.9990000,3.8940000,-0.2910000,7.4860000,47,H1,LIG,A,2329,C,GLY,B,48
"(3,-1)",4.13,1.36,9.36,0.0370395,0.0303594,-6.7904193,1.0742218,1.3670172,2.4412390,1.4684797,3.3719175,31.7021744,2.5924253,0.0000000,0.0000000,1,8,-4.1979939,-3.9103119,-5.7020713,-5.7020713,0.0058377,0.0005985,84,2330,4.5040000,1.9410000,10.1840000,3.7270000,0.6190000,8.2860000,84,H38,LIG,A,2330,O,GLY,B,48
"(3,-1)",4.73,1.22,7.90,0.0772860,0.0686828,-5.2384989,0.8790560,1.2315300,2.1105860,1.0825838,3.3008728,31.7021744,2.5711306,0.0000000,0.0000000,1,8,-2.6673682,-2.3796862,-4.1714456,-4.1714456,0.0050757,0.0093093,48,2330,5.4280000,1.7050000,7.6750000,3.7270000,0.6190000,8.2860000,48,H2,LIG,A,2330,O,GLY,B,48
"(3,+1)",3.40,1.10,9.72,0.0256768,0.0121999,-8.0684892,1.8358018,1.5464748,3.3822766,2.8390212,10.1005240,31.7021744,1.8977716,0.0000000,0.0000000,6,8,-6.1707177,-5.4775705,-8.6556243,-8.6556243,0.0189096,0.0002778,12,2330,1.9440000,1.0010000,10.8350000,3.7270000,0.6190000,8.2860000,12,C12,LIG,A,2330,O,GLY,B,48
"(3,-1)",5.61,-0.30,6.72,0.0245426,0.0255529,-7.3743487,1.1730886,1.5585323,2.7316209,1.8282965,3.3009558,17.9107241,2.1337016,0.0000000,0.0000000,1,7,-5.2406471,-4.9041749,-6.5136128,-6.5136128,0.0041454,0.0088178,47,2331,6.3670000,0.2230000,5.9990000,4.7730000,-1.2460000,7.6410000,47,H1,LIG,A,2331,N,GLY,B,49
"(3,-1)",2.95,0.41,9.40,0.0374818,0.0305617,-6.7719068,1.0833808,1.3716078,2.4549886,1.4859736,3.2944901,31.7021744,2.5691951,0.0000000,0.0000000,1,8,-4.2027116,-3.9150296,-5.7067890,-5.7067890,0.0074849,0.0014891,55,2330,2.3390000,0.1550000,10.2540000,3.7270000,0.6190000,8.2860000,55,H9,LIG,A,2330,O,GLY,B,48
"(3,+1)",7.22,-0.78,9.89,0.0095633,0.0114987,-9.1153382,1.8435212,1.5557345,3.3992557,2.8680296,10.1174187,3.2992926,1.7162072,0.0000000,0.0000000,6,1,-7.3991310,-6.9936659,-8.3799603,-8.3799603,0.0030006,0.0075625,32,2334,8.4370000,0.0660000,10.9930000,5.9750000,-0.3260000,9.0800000,32,C32,LIG,A,2334,HA1,GLY,B,49
"(3,-1)",4.41,-1.15,10.78,0.0111931,0.0133522,-8.8085291,1.5715285,1.3035213,2.8750497,2.0485208,31.7029437,3.3001130,2.5709247,0.0000000,0.0000000,8,1,-6.2376044,-5.9499223,-7.7416818,-7.7416818,0.0007003,0.0017103,44,2335,3.7580000,-0.6290000,12.1110000,4.9320000,-1.6330000,9.6870000,44,O6,LIG,A,2335,HA2,GLY,B,49
"(3,-1)",7.07,-0.17,9.88,0.0122419,0.0112751,-8.8880513,1.7749843,1.3684299,3.1434142,2.4289415,10.1174187,3.2992926,1.7162072,0.0000000,0.0000000,6,1,-7.1718441,-6.7663790,-8.1526734,-8.1526734,0.0036237,0.0024681,32,2334,8.4370000,0.0660000,10.9930000,5.9750000,-0.3260000,9.0800000,32,C32,LIG,A,2334,HA1,GLY,B,49
"(3,-1)",8.02,-1.68,10.25,0.0207789,0.0229926,-7.6464042,1.2344700,1.6103477,2.8448177,1.9879259,3.3009624,17.9051149,2.1333903,0.0000000,0.0000000,1,7,-5.5130139,-5.1765416,-6.7859795,-6.7859795,0.0051128,0.0097182,82,2338,8.8430000,-0.7710000,10.4360000,7.1630000,-2.8690000,9.5980000,82,H36,LIG,A,2338,N,ILE,B,50
"(3,+1)",9.01,-5.07,12.70,0.0147321,0.0255903,-7.8832717,1.3140690,1.3689302,2.6829992,1.7988687,3.2933618,3.2987400,2.3854494,0.0000000,0.0000000,1,1,-5.4978223,-5.4978223,-5.4978223,-5.4978223,0.0036063,0.0168023,70,2352,8.4390000,-5.1890000,13.8810000,9.3570000,-6.1100000,11.8830000,70,H24,LIG,A,2352,3HG2,ILE,B,50
"(3,-1)",9.03,-4.47,13.25,0.0347279,0.0332597,-6.7636196,1.1227091,1.0899301,2.2126393,1.2236745,3.2933618,3.3001275,2.3858700,0.0000000,0.0000000,1,1,-4.3777496,-4.3777496,-4.3777496,-4.3777496,0.0093975,0.0040957,70,2348,8.4390000,-5.1890000,13.8810000,9.4690000,-3.7290000,12.5840000,70,H24,LIG,A,2348,2HG1,ILE,B,50
"(3,-1)",8.96,-1.61,10.96,0.0553915,0.0528103,-5.8343783,0.9937246,0.9699727,1.9636973,0.9638858,3.3009624,3.2999996,2.3881364,0.0000000,0.0000000,1,1,-3.4462419,-3.4462419,-3.4462419,-3.4462419,0.0112867,0.0039635,82,2347,8.8430000,-0.7710000,10.4360000,9.1240000,-2.4680000,11.3770000,82,H36,LIG,A,2347,1HG1,ILE,B,50
"(3,-1)",8.56,-1.67,11.86,0.0390363,0.0320515,-6.6836724,1.1674628,1.0919928,2.2594556,1.2748610,3.3012611,3.2999996,2.3882269,0.0000000,0.0000000,1,1,-4.2954455,-4.2954455,-4.2954455,-4.2954455,0.0181397,0.0031450,83,2347,7.8900000,-1.1470000,12.6610000,9.1240000,-2.4680000,11.3770000,83,H37,LIG,A,2347,1HG1,ILE,B,50
"(3,-1)",9.28,-3.37,13.71,0.0230015,0.0201430,-7.6770931,1.2570154,1.1973675,2.4543828,1.5051093,3.2938136,3.3001275,2.3860072,0.0000000,0.0000000,1,1,-5.2910860,-5.2910860,-5.2910860,-5.2910860,0.0087828,0.0017675,68,2348,8.9220000,-2.7920000,14.7680000,9.4690000,-3.7290000,12.5840000,68,H22,LIG,A,2348,2HG1,ILE,B,50
"(3,+1)",8.59,-1.58,11.75,0.0405813,0.0303489,-6.6994428,1.2256293,1.1017687,2.3273981,1.3503601,3.3012611,3.2999996,2.3882269,0.0000000,0.0000000,1,1,-4.3112159,-4.3112159,-4.3112159,-4.3112159,0.0243084,0.0026321,83,2347,7.8900000,-1.1470000,12.6610000,9.1240000,-2.4680000,11.3770000,83,H37,LIG,A,2347,1HG1,ILE,B,50
"(3,+1)",9.26,-3.85,13.83,0.0244054,0.0142117,-7.9666410,1.8342447,1.2736124,3.1078571,2.3361168,10.1078269,3.3001275,1.7155117,0.0000000,0.0000000,6,1,-6.2511293,-5.8456642,-7.2319585,-7.2319585,0.0175962,0.0009722,23,2348,9.5560000,-3.2490000,15.5420000,9.4690000,-3.7290000,12.5840000,23,C23,LIG,A,2348,2HG1,ILE,B,50
"(3,-1)",9.02,-5.69,12.91,0.0263099,0.0252284,-7.3175926,1.2324073,1.1650130,2.3974203,1.4357706,3.2933618,3.2987400,2.3854494,0.0000000,0.0000000,1,1,-4.9321432,-4.9321432,-4.9321432,-4.9321432,0.0105044,0.0041105,70,2352,8.4390000,-5.1890000,13.8810000,9.3570000,-6.1100000,11.8830000,70,H24,LIG,A,2352,3HG2,ILE,B,50
"(3,-1)",1.93,-5.85,14.77,0.0116578,0.0098256,-9.0745455,1.9466684,1.4006862,3.3473546,2.7266716,10.0153008,3.2994178,0.7252713,0.0000000,0.0000000,16,1,-8.3492742,-7.3684449,-9.1602044,-9.1602044,0.0000727,0.0021591,46,2831,3.2630000,-4.4400000,14.9730000,0.8980000,-6.7900000,14.7210000,46,S2,LIG,A,2831,HG1,PRO,B,81
"(3,-1)",1.55,-2.45,15.51,0.0244209,0.0242740,-7.4306677,1.1755257,1.1831233,2.3586490,1.3907918,3.2940713,3.2985729,2.3856142,0.0000000,0.0000000,1,1,-5.0450535,-5.0450535,-5.0450535,-5.0450535,0.0042362,0.0047380,65,2884,2.6810000,-2.2080000,15.7310000,0.4180000,-2.7390000,15.3350000,65,H19,LIG,A,2884,3HD1,ILE,B,84
"(3,-1)",0.32,-0.43,13.78,0.0091163,0.0076595,-9.5694949,2.0185342,1.4479225,3.4664567,2.9226811,10.0152005,3.3004746,0.7255816,0.0000000,0.0000000,16,1,-8.8439134,-7.8630841,-9.6548436,-9.6548436,0.0000901,0.0014022,45,2883,0.6680000,0.4350000,11.9930000,0.1130000,-1.0000000,15.0980000,45,S1,LIG,A,2883,2HD1,ILE,B,84
"(3,-1)",5.43,-1.84,12.95,0.0167779,0.0134944,-8.3931773,1.2476280,1.5224615,2.7700895,1.8994656,3.2958575,31.6240628,2.5671431,0.0000000,0.0000000,1,8,-5.8260342,-5.5383521,-7.3301116,-7.3301116,0.0019735,0.0000197,57,3124,5.4090000,-0.8820000,13.7480000,5.4990000,-3.0170000,11.9860000,57,H11,LIG,A,3124,O,HOH,A,2
"(3,-1)",4.58,-2.54,13.24,0.0109276,0.0080457,-9.3390781,1.3936677,1.6247669,3.0184346,2.2643851,3.2944193,31.6240628,2.5667067,0.0000000,0.0000000,1,8,-6.7723714,-6.4846893,-8.2764488,-8.2764488,0.0030263,0.0000468,64,3124,3.7100000,-2.1620000,14.2590000,5.4990000,-3.0170000,11.9860000,64,H18,LIG,A,3124,O,HOH,A,2
"(3,-1)",6.12,-3.30,13.29,0.0180871,0.0179097,-8.0349696,1.4706448,1.4680190,2.9386638,2.1589345,31.7016372,31.6240628,2.7514036,0.0000000,0.0000000,8,8,-5.2835660,-4.7082019,-8.2917208,-8.2917208,0.0005389,0.0001251,43,3124,6.7460000,-3.5740000,14.5880000,5.4990000,-3.0170000,11.9860000,43,O5,LIG,A,3124,O,HOH,A,2
"(3,-1)",4.64,-1.82,12.06,0.0176630,0.0172119,-8.0984399,1.4813169,1.4768303,2.9581472,2.1876537,31.7029437,31.6240628,2.7514448,0.0000000,0.0000000,8,8,-5.3469952,-4.7716310,-8.3551500,-8.3551500,0.0010440,0.0002084,44,3124,3.7580000,-0.6290000,12.1110000,5.4990000,-3.0170000,11.9860000,44,O6,LIG,A,3124,O,HOH,A,2
"(3,-1)",5.28,5.30,11.85,0.0169883,0.0120274,-8.4957922,1.7622220,1.5451824,3.3074044,2.7229544,10.1101933,31.6229409,1.8962260,0.0000000,0.0000000,6,8,-6.5995662,-5.9064190,-9.0844728,-9.0844728,0.0079216,0.0000265,10,3126,5.1400000,4.3750000,10.3520000,5.4220000,6.1140000,13.1510000,10,C10,LIG,A,3126,O,HOH,A,4
"(3,+1)",4.86,5.15,12.05,0.0163125,0.0108966,-8.6351250,1.8908584,1.5650938,3.4559523,2.9593709,10.1101933,31.6229409,1.8962260,0.0000000,0.0000000,6,8,-6.7388990,-6.0457518,-9.2238057,-9.2238057,0.0108756,0.0000539,10,3126,5.1400000,4.3750000,10.3520000,5.4220000,6.1140000,13.1510000,10,C10,LIG,A,3126,O,HOH,A,4
"(3,-1)",4.47,5.18,12.43,0.0157580,0.0140876,-8.4128645,1.5546217,1.5172129,3.0718346,2.3586921,31.7042100,31.6229409,2.7514492,0.0000000,0.0000000,8,8,-5.6614153,-5.0860511,-8.6695701,-8.6695701,0.0043208,0.0002476,41,3126,3.3270000,4.2970000,11.8520000,5.4220000,6.1140000,13.1510000,41,O3,LIG,A,3126,O,HOH,A,4
"(3,+1)",3.59,-3.64,17.42,0.0141217,0.0084350,-9.0354037,1.9724018,1.6145243,3.5869261,3.1844906,10.0982471,31.6229376,1.8950436,0.0000000,0.0000000,6,8,-7.1403601,-6.4472129,-9.6252668,-9.6252668,0.0101901,0.0000074,19,3127,4.4270000,-4.9930000,16.2580000,2.6050000,-2.9310000,18.4880000,19,C19,LIG,A,3127,O,HOH,A,5
"(3,-1)",3.38,-4.02,17.64,0.0137798,0.0098837,-8.9014223,1.4039243,1.5836854,2.9876097,2.2233744,3.2942335,31.6229376,2.5666147,0.0000000,0.0000000,1,8,-6.3348076,-6.0471256,-7.8388850,-7.8388850,0.0062194,0.0000214,63,3127,3.8850000,-5.2480000,17.1800000,2.6050000,-2.9310000,18.4880000,63,H17,LIG,A,3127,O,HOH,A,5
"(3,-1)",2.83,-2.65,17.00,0.0171398,0.0126313,-8.4379243,1.3482717,1.5358834,2.8841550,2.0707880,3.2940713,31.6229376,2.5665655,0.0000000,0.0000000,1,8,-5.8713588,-5.5836767,-7.3754362,-7.3754362,0.0075356,0.0000478,65,3127,2.6810000,-2.2080000,15.7310000,2.6050000,-2.9310000,18.4880000,65,H19,LIG,A,3127,O,HOH,A,5
"(3,-1)",7.17,-5.32,18.02,0.0888638,0.0748622,-5.0127556,0.8458169,1.1863857,2.0322025,1.0034650,3.3724804,31.6232268,2.5900988,0.0000000,0.0000000,1,8,-2.4226567,-2.1349747,-3.9267341,-3.9267341,0.0055602,0.0001254,86,3128,7.4330000,-4.9980000,17.2860000,6.8000000,-5.7860000,19.0490000,86,H40,LIG,A,3128,O,HOH,A,6
